Current Bookings Master - Do NOT Modify,,5/26/2020,,,,,,,,,,,,,,,,,,,,,,,,,,,,,,,,
,,,,,,,,,,,,,,,,,,,,,,,,,,,,,,,,,,
,Agreement Number,Customer Name,Customer Number,City,State,Agreement Subtype,Software Value,Software Term Value,Software Maintenance Value,Software Maint. Term,SystemCare Maint. Value,SystemCare Maint. Term,Hardware Value,Hardware Maintenance Value,Hardware Maint. Term,Services Fixed Fee Value,Services T&M,Technology Services Value,Recurring Svc. Value,Recurring Svc. Annual Value,Processing Value,Processing Annual Value,Processing Term,OSG Value,OSG Annual Value,OSG Term,Remote Hosting Value,Remote Hosting Annual Value,Total Agreement Value,Received Date,Customer Signed Date,Contracting Group,Software Included?,Sales Contact
,C218991695,CURA4U Inc.,1202767,Jacksonville,FL,Service,,,,0,,0,,,0,,,,,,,,0,,,0,,,0,5/21/2020,5/21/2020,McKesson Health Solutions (MHS),No,TJ Wiles
,C218990550,BCBS of Vermont,1000493,Berlin,VT,Service,,,,0,,0,,,0,,,,,,,,0,,,0,,,0,5/20/2020,6/30/2011,McKesson Health Solutions (MHS),No,CATHY WIENEN
,RMS160234,"Ashion Analytics, LLC",1202599,Phoenix,AZ,Master Relationship Agreement,,,,0,,0,,,0,,,,,,,,0,,,0,,,0,5/13/2020,3/31/2020,Business Performance Solutions (BPS),No,JEFFREY WESCOTT
,C218991564,,XXXXXXX,,,Service,,,,0,,0,,,0,,,,,,,,0,,,0,,,0,5/21/2020,5/20/2020,McKesson Health Solutions (MHS),No,TJ Wiles
,MRA_00150732.0,"RevClaims, LLC",1202759,JACKSON,MS,Master Relationship Agreement,,,,0,,0,,,0,,,,,,,,0,,,0,,,0,5/19/2020,5/7/2020,McKesson Health Solutions (MHS),No,CATHY WIENEN
,C218987468,"Mitchell and McCormick, Inc.",1202699,DECATUR,GA,Service,,,,0,,0,,,0,,,,,,,,0,,,0,,,0,5/13/2020,5/7/2020,McKesson Health Solutions (MHS),No,CINDY ONEILL
,MRA202110035478,University of Kentucky for UK Healt,1002330,Lexington,KY,Master Relationship Agreement,0,,,0,,0,,,0,0,,,,,,,0,,,0,,,0,5/18/2020,5/15/2020,McKesson Health Solutions (MHS),No,Mark Workinger
,LCHC00099881,"DLP Conemaugh Physician Practices, LLC",1202664,Johnstown,PA,Service,,,,0,,0,,,0,,,,,,,,0,,,0,,,0,5/19/2020,11/6/2007,McKesson Health Solutions (MHS),No,Bill Tomoschuk
,C218984053,"Televisit, Inc.",1202686,New York,NY,Service,,,,0,,0,,,0,,,,,,,,0,,,0,,,0,5/5/2020,5/4/2020,McKesson Health Solutions (MHS),No,TJ Wiles
,C218982655,"1.800MD, LLC",1199690,Charlotte,NC,Service,,,,0,,0,,,0,,,,,,,,0,,,0,,,0,5/1/2020,1/3/2020,McKesson Health Solutions (MHS),No,TJ Wiles
,RMS160273,Old Pueblo Anesthesia,1202669,Tucson,AZ,Master Relationship Agreement,,,,0,,0,,,0,,,,,,,,0,,,0,,,0,5/1/2020,4/14/2020,Business Performance Solutions (BPS),No,JEFFREY WESCOTT
,C218986050,"Future MD, LLC",1202710,Miami,FL,Service,,,,0,,0,,,0,,,,,,,,0,,,0,,,0,5/8/2020,5/7/2020,McKesson Health Solutions (MHS),No,TJ Wiles
,C218986019,"Jopari Solutions, Inc.",1202711,Concord,CA,Service,,,,0,,0,,,0,,,,,,,,0,,,0,,,0,5/8/2020,7/28/2008,McKesson Health Solutions (MHS),No,TJ Wiles
,C218991446,,XXXXXXX,,,Service,,,,0,,0,,,0,,,,,,,,0,,,0,,,0,5/21/2020,5/21/2020,McKesson Health Solutions (MHS),No,TJ Wiles
,MRA_00147081.0,"St. Bernards Healthcare Associated Regional Providers, Inc.",1202644,Jonesboro,AR,Master Relationship Agreement,,,,0,,0,,,0,,,,,,,,0,,,0,,,0,4/28/2020,3/30/2020,McKesson Health Solutions (MHS),No,CATHY WIENEN
,C218987034,"Man Alive, Inc",1202698,BALTIMORE,MD,Service,,,,0,,0,,,0,,,,,,,,0,,,0,,,0,5/12/2020,5/12/2020,McKesson Health Solutions (MHS),No,TJ Wiles
,MRA202010033772,"Edgeworth Anesthesia Associates, LLC",1202721,Sewickley,PA,Master Relationship Agreement,,,,0,,0,,,0,,,,,,,,0,,,0,,,0,5/13/2020,3/9/2020,Business Performance Solutions (BPS),No,JEFFREY WESCOTT
,M-11765,"PartsSource, Inc",1077677,Aurora,OH,Sales Order,,,,0,,0,437.89,,0,,,,,,,,0,,,0,,,437.89,5/20/2020,5/20/2020,Imaging and Workflow  Solutions (IWS),No,Aleksandar Erakovic
,RHF-088295,Catholic Medical Center,1007905,Manchester,NH,Sales Order,,,,0,,0,,,0,,,,78053.04,26017.68,,,0,,,0,,,78053.04,5/21/2020,5/20/2020,McKesson Health Solutions (MHS),No,SUSAN GRAVES
,M-11770,"Tenet HealthSystem Medical, Inc.",1025325,Dallas,TX,Sales Order,,,,0,,0,2829.4,,0,,,,,,,,0,,,0,,,2829.4,5/20/2020,5/20/2020,Imaging and Workflow  Solutions (IWS),No,Aleksandar Erakovic
,M-11769,Steward Health Care System LLC,1000648,Dallas,TX,Sales Order,,,,0,,0,875.78,,0,,,,,,,,0,,,0,,,875.78,5/20/2020,5/20/2020,Imaging and Workflow  Solutions (IWS),No,Aleksandar Erakovic
,M-11771,The DCH Health Care Authority,1163273,Tuscaloosa,AL,Sales Order,,,,0,,0,2526,,0,,,,,,,,0,,,0,,,2526,5/20/2020,5/20/2020,Imaging and Workflow  Solutions (IWS),No,Aleksandar Erakovic
,M-11767,Trinity Health Corporation,1015877,Livonia,MI,Sales Order,,,,0,,0,631.5,,0,,,,,,,,0,,,0,,,631.5,5/20/2020,5/20/2020,Imaging and Workflow  Solutions (IWS),No,Aleksandar Erakovic
,M-11766,Kaiser Foundation Hospitals,1042365,Oakland,CA,Sales Order,,,,0,,0,1244,,0,,,,,,,,0,,,0,,,1244,5/20/2020,5/20/2020,Imaging and Workflow  Solutions (IWS),No,Aleksandar Erakovic
,M-11768,"Norton Healthcare, Inc.",1013205,Louisville,KY,Sales Order,,,,0,,0,631.5,,0,,,,,,,,0,,,0,,,631.5,5/20/2020,5/20/2020,Imaging and Workflow  Solutions (IWS),No,Aleksandar Erakovic
,M-11772,"Tenet HealthSystem Medical, Inc.",1025325,Dallas,TX,Sales Order,,,,0,,0,1263,,0,,,,,,,,0,,,0,,,1263,5/20/2020,5/20/2020,Imaging and Workflow  Solutions (IWS),No,Aleksandar Erakovic
,RH-388900,Carson Tahoe Regional Healthcare,1008533,Carson City,NV,Supplement,,,,0,,0,,,0,6960,,,,,,,0,,,0,,,6960,5/18/2020,5/8/2020,McKesson Connected Care & Analytics (MCC & A),No,Christine Diaz
,DL-08907,University of Kentucky for UK Healt,1002330,Lexington,KY,Solution Order,,,,0,,0,,,0,12500,,,61600,28350,,,0,,,0,,,74100,5/18/2020,5/15/2020,McKesson Health Solutions (MHS),No,Mark Workinger
,RHF-130713,University of Kentucky for UK Healt,1002330,Lexington,KY,Solution Order,,,,0,,0,,,0,,,,85050,28350,,,0,,,0,,,85050,5/18/2020,5/15/2020,McKesson Health Solutions (MHS),No,Mark Workinger
,RHF-078606,"Northside Hospital, Inc.",1013735,Atlanta,GA,Sales Order,,,,0,,0,,,0,15417,,,0,0,,,0,,,0,,,15417,5/7/2020,3/12/2020,McKesson Health Solutions (MHS),No,Marjorie Higgins
,RHF-092614,"DLP Conemaugh Physician Practices, LLC",1202664,Johnstown,PA,Order Form,,,,0,,0,,,0,,,,36097.08,12032.26,,,,,,0,,,36097.08,5/18/2020,5/15/2020,McKesson Health Solutions (MHS),No,William Tomoschuk
,M-11729,"Baystate Health, Inc.",1008549,Springfield,MA,Sales Order,,,,0,,0,3789,,0,,,,,,,,0,,,0,,,3789,5/4/2020,5/4/2020,Imaging and Workflow  Solutions (IWS),No,Aleksandar Erakovic
,RH-365368,"Northside Hospital, Inc.",1013735,Atlanta,GA,Supplement,,,,0,,0,,,0,,159.2,,26250,15000,,,0,,,0,,,26409.2,5/7/2020,5/1/2020,McKesson Connected Care & Analytics (MCC & A),No,MICHELE MACDONALD
,RH-385440,University of Washington,1008875,Seattle,WA,Supplement,,254452,,,,0,,,0,,,,,,,,0,,,0,,,254452,5/18/2020,5/18/2020,McKesson Connected Care & Analytics (MCC & A),Yes,Shaheen Bermudez
,SO_00147081.0,"St. Bernards Healthcare Associated Regional Providers, Inc.",1202644,Jonesboro,AR,Solution Order,,,,0,,0,,,0,,,,,,,,0,,,0,,,0,4/28/2020,3/30/2020,McKesson Health Solutions (MHS),No,CATHY WIENEN
,IWS-393451,Kaiser Foundation Hospitals,1042365,Oakland,CA,Sales Order,,,,0,,0,6075.36,689.06,1,,,,,,,,0,,,0,,,6764.42,5/15/2020,5/15/2020,Imaging and Workflow  Solutions (IWS),No,Dale Duffy
,IWS-380961,"LifePoint Corporate Services, Gener Partnership",1029068,Brentwood,TN,Supplement,,,,0,,0,1482.15,156.65,5,106.25,,,,,,,0,,,0,,,1745.05,5/6/2020,4/29/2020,Imaging and Workflow  Solutions (IWS),No,Peach Cronberg
,IWS-365489,Spencer Municipal Hospital,1004393,Spencer,IA,Sales Order,,,,0,,0,,,0,101643.45,,,,,,,0,,,0,,,101643.45,5/21/2020,5/19/2020,Imaging and Workflow  Solutions (IWS),No,Kallie Schabert
,IWS-320493,Interior Health,1046584,KELOWNA,BC,Supplement,,,,0,,0,1562.92,,,7895.29,,,,,,,0,,,0,,,9458.21,5/21/2020,5/12/2020,Imaging and Workflow  Solutions (IWS),No,HEIDI BROWN
,M-11773,"Baystate Health, Inc.",1008549,Springfield,MA,Sales Order,,,,0,,0,1263,,0,,,,,,,,0,,,0,,,1263,5/21/2020,5/21/2020,Imaging and Workflow  Solutions (IWS),No,Aleksandar Erakovic
,CH05152020SSV,,XXXXXXX,,,Sales Order,,,,0,,0,,,0,,,,,,33963.96,33963.96,0,,,0,,,33963.96,5/22/2020,5/14/2020,McKesson Health Solutions (MHS),No,KEVIN CARROLL
,M-11776,St. Joseph Regional Health Network dba St. Joseph Medical Center,1030370,Reading,PA,Sales Order,,,,0,,0,768,,0,,,,,,,,0,,,0,,,768,5/21/2020,5/21/2020,Imaging and Workflow  Solutions (IWS),No,Aleksandar Erakovic
,M-11775,Adventist Health System/West,1029165,Roseville,CA,Sales Order,,,,0,,0,2063,,0,,,,,,,,0,,,0,,,2063,5/21/2020,5/21/2020,Imaging and Workflow  Solutions (IWS),No,Aleksandar Erakovic
,M-11774,"Adventist HealthCare, Inc.",1033701,Gaithersburg,MD,Sales Order,,,,0,,0,2526,,0,,,,,,,,0,,,0,,,2526,5/21/2020,5/21/2020,Imaging and Workflow  Solutions (IWS),No,Aleksandar Erakovic
,RH-368391,Summa Health System,1071742,Akron,OH,Order Form,,,,0,,0,,,0,10022,,,,,,,0,,,0,,,10022,5/22/2020,5/20/2020,McKesson Connected Care & Analytics (MCC & A),No,Christine Diaz
,IWS-385928,"Bon Secours Mercy Health, Inc.",1025672,Cincinnati,OH,Supplement,,,,0,,0,14719.31,202.9,3,100,,,,,,,0,,,0,,,15022.21,5/22/2020,5/12/2020,Imaging and Workflow  Solutions (IWS),No,DALE DUFFY
,M-11777,Steward Health Care System LLC,1000648,Dallas,TX,Sales Order,,,,0,,0,1146.86,,0,,,,,,,,0,,,0,,,1146.86,5/21/2020,5/21/2020,Imaging and Workflow  Solutions (IWS),No,Aleksandar Erakovic
,M-11778,"Adventist HealthCare, Inc.",1033701,Gaithersburg,MD,Sales Order,,,,0,,0,5052,,0,,,,,,,,0,,,0,,,5052,5/21/2020,5/21/2020,Imaging and Workflow  Solutions (IWS),No,Aleksandar Erakovic
,SO_00150732.0,"RevClaims, LLC",1202759,JACKSON,MS,Solution Order,,,,0,,0,,,0,,,,,,,,0,,,0,,,0,5/19/2020,5/7/2020,McKesson Health Solutions (MHS),No,CATHY WIENEN
,P218990417,Elderserve Health Inc. dba Riverspring Health Plans,1202663,BRONX,NY,Sales Order,,,,0,,0,,,0,5500,,,,,0,0,0,,,0,,,5500,5/18/2020,5/13/2020,McKesson Health Solutions (MHS),No,CATHERINE WIENEN
,M-11733,The Health Care Authority of the City of Huntsville dba The,1029004,Huntsville,AL,Sales Order,,,,0,,0,833.67,,0,,,,,,,,0,,,0,,,833.67,5/5/2020,5/5/2020,Imaging and Workflow  Solutions (IWS),No,Aleksandar Erakovic
,M-11732,"PartsSource, Inc",1077677,Aurora,OH,Sales Order,,,,0,,0,640,,0,,,,,,,,0,,,0,,,640,5/5/2020,5/5/2020,Imaging and Workflow  Solutions (IWS),No,Aleksandar Erakovic
,WO 8004831575,"Florida Health Sciences Center, Inc. dba Tampa General Hospital",1014689,Tampa,FL,Work Order,,,,0,,0,,,0,2784,,,,,,,0,,,0,,,2784,5/20/2020,10/28/2019,McKesson Health Solutions (MHS),No,TERRI COOPER
,IWS-347012,"University Health, Inc.",1013787,Augusta,GA,Supplement,21437.5,,5525,4,,0,23632.06,2622.77,4,3506.25,,,,,,,0,,,0,,,56723.58,5/19/2020,5/19/2020,Imaging and Workflow  Solutions (IWS),Yes,Stephanie Breiwa
,IWS-386186,Enloe Medical Center,1009413,Chico,CA,Supplement,99549.62,,17959.56,1,,0,,,0,,,,,,,,0,,,0,,,117509.18,5/20/2020,5/20/2020,Imaging and Workflow  Solutions (IWS),Yes,Rick Marfori
,WO 8004820514,Kettering Medical Center,1015076,KETTERING,OH,Work Order,,,,0,,0,,,0,2088,,,,,,,0,,,0,,,2088,5/20/2020,9/10/2019,McKesson Health Solutions (MHS),No,TERRI COOPER
,WO 8004820515,Kettering Medical Center,1015076,KETTERING,OH,Work Order,,,,0,,0,,,0,3480,,,,,,,0,,,0,,,3480,5/20/2020,9/10/2019,McKesson Health Solutions (MHS),No,TERRI COOPER
,IWS-388316,"CaroMont Health, Inc.",1013051,Gastonia,NC,Supplement,,,,0,,0,1484.06,108.73,1,5440,,,,,,,0,,,0,,,7032.79,5/19/2020,5/19/2020,Imaging and Workflow  Solutions (IWS),No,TIMOTHY WILLARD
,IWS-387268,Hartford HealthCare Corporation,1090315,Hartford,CT,Order Form,,,,0,,0,,,0,23100,,,,,,,0,,,0,,,23100,5/19/2020,5/14/2020,Imaging and Workflow  Solutions (IWS),No,Lori Gilchrist
,IWS-388044,"Saint Francis Health System, Inc.",1072357,Tulsa,OK,Supplement,,,,0,,0,,,0,3400,,,,,,,0,,,0,,,3400,5/19/2020,5/15/2020,Imaging and Workflow  Solutions (IWS),No,Kallie Schabert
,IWS-364765,"ADVENT HEALTH, LLC",1025326,Altamonte Springs,FL,Sales Order,,,,0,,0,,,0,6000,,,,,,,0,,,0,,,6000,5/4/2020,5/4/2020,Imaging and Workflow  Solutions (IWS),No,TIMOTHY WILLARD
,IWS-386414,Sanford Health,1004835,Sioux Falls,SD,Supplement,,,,0,,0,4720.59,616.27,1,,,,,,,,0,,,0,,,5336.86,5/4/2020,4/30/2020,Imaging and Workflow  Solutions (IWS),No,Kallie Schabert
,M-11730,"Baystate Health, Inc.",1008549,Springfield,MA,Sales Order,,,,0,,0,1263,,0,,,,,,,,0,,,0,,,1263,5/4/2020,5/4/2020,Imaging and Workflow  Solutions (IWS),No,Aleksandar Erakovic
,RHF-156682,Driscoll Children's Hospital,1025538,CORPUS CHRISTI,TX,Sales Order,,,,0,,0,,,0,5000,,,,,,,0,,,0,,,5000,5/5/2020,4/30/2020,McKesson Health Solutions (MHS),No,MICHELLE SINCHES
,RH-386177,Halton Healthcare Services Corporation,1056579,Oakville,ON,Order Form,0,,0,1,,0,,,0,484,,,,,,,0,,,0,,,484,5/5/2020,4/28/2020,McKesson Connected Care & Analytics (MCC & A),Yes,CHRISTINE DIAZ
,RH-385221,Centre Hospitaller de L'Universite de Montreal,1070934,Montreal,QC,Order Form,0,,0,1,,0,,,0,2419,,,,,,,0,,,0,,,2419,5/5/2020,4/30/2020,McKesson Connected Care & Analytics (MCC & A),Yes,Christine Diaz
,M-11731,Catholic Health Initiatives,1013123,Englewood,CO,Sales Order,,,,0,,0,1263,,0,,,,,,,,0,,,0,,,1263,5/5/2020,5/5/2020,Imaging and Workflow  Solutions (IWS),No,Aleksandar Erakovic
,M-11727,"Norton Healthcare, Inc.",1013205,Louisville,KY,Sales Order,,,,0,,0,631.5,,0,,,,,,,,0,,,0,,,631.5,5/4/2020,5/4/2020,Imaging and Workflow  Solutions (IWS),No,Aleksandar Erakovic
,M-11726,Fairview Health Services,1000102,Minneapolis,MN,Sales Order,,,,0,,0,1751.56,,0,,,,,,,,0,,,0,,,1751.56,5/4/2020,5/4/2020,Imaging and Workflow  Solutions (IWS),No,Aleksandar Erakovic
,M-11725,Providence Health & Services,1029786,Renton,WA,Sales Order,,,,0,,0,2189.45,,0,,,,,,,,0,,,0,,,2189.45,5/1/2020,5/1/2020,Imaging and Workflow  Solutions (IWS),No,Aleksandar Erakovic
,M-11728,Cardiovascular Institute of the South,1006381,Houma,LA,Sales Order,,,,0,,0,366.45,,0,,,,,,,,0,,,0,,,366.45,5/4/2020,5/4/2020,Imaging and Workflow  Solutions (IWS),No,Aleksandar Erakovic
,IWS-368029,"Northside Hospital, Inc.",1013735,Atlanta,GA,Supplement,7000,,1260,1,,0,,,0,,,,,,,,0,,,0,,,8260,5/4/2020,5/1/2020,Imaging and Workflow  Solutions (IWS),Yes,Michael Erickson
,IWS-333338,Centre Hospitalier Fleury,1172679,Montreal,QC,Supplement,,,,0,,0,5867.99,569.19,1,167.44,,,,,,,0,,,0,,,6604.62,5/4/2020,5/4/2020,Imaging and Workflow  Solutions (IWS),No,HEIDI BROWN
,M-11724,North Platte Nebraska Hospital Corporation,1005249,North Platte,NE,Sales Order,,,,0,,0,631.5,,0,,,,,,,,0,,,0,,,631.5,5/1/2020,5/1/2020,Imaging and Workflow  Solutions (IWS),No,Aleksandar Erakovic
,M-11723,Dignity Health,1007219,San Francisco,CA,Sales Order,,,,0,,0,247.56,,0,,,,,,,,0,,,0,,,247.56,5/1/2020,5/1/2020,Imaging and Workflow  Solutions (IWS),No,Aleksandar Erakovic
,103687D,"Breg, Inc",1201477,Carlsbad,CA,Solution Order,,,,0,,0,,,0,,,,,,,,0,,,0,,,0,5/19/2020,5/19/2020,McKesson Health Solutions (MHS),No,TJ Wiles
,RHF-066311,University of Miami,1071898,Miami,FL,Order Form,,,,0,,0,,,0,9000,,,673776,673776,,,0,,,0,,,682776,5/21/2020,4/30/2020,McKesson Health Solutions (MHS),No,Jennifer Stringer
,M-11763,DESERT VALLEY CHIROPRACTIC,1115549,CHANDLER,AZ,Sales Order,,,,0,,0,277.89,,0,,,,,,,,0,,,0,,,277.89,5/19/2020,5/19/2020,Imaging and Workflow  Solutions (IWS),No,Aleksandar Erakovic
,RH-388043,St. Joseph's Health Centre,1056562,Toronto,ON,Order Form,0,,0,1,,0,,,0,2419,,,,,,,0,,,0,,,2419,5/21/2020,5/19/2020,McKesson Connected Care & Analytics (MCC & A),Yes,Christine Diaz
,M-11764,The East Alabama Health Care Author,1003043,Opelika,AL,Sales Order,,,,0,,0,405.89,,0,,,,,,,,0,,,0,,,405.89,5/19/2020,5/19/2020,Imaging and Workflow  Solutions (IWS),No,Aleksandar Erakovic
,IWS-387256,"Jupiter Medical Center, Inc.",1014768,JUPITER,FL,Supplement,29197.44,,10525.75,1,,0,,,0,,,,,,,,0,,,0,,,39723.19,5/20/2020,5/20/2020,Imaging and Workflow  Solutions (IWS),Yes,TIMOTHY WILLARD
,WO 8004924771,"CVS Pharmacy, Inc.",1171320,Woonsocket,RI,Work Order,,,,0,,0,,,0,2750,,,,,,,0,,,0,,,2750,5/20/2020,5/20/2020,McKesson Health Solutions (MHS),No,TERRI COOPER
,SO_RMS160234,"Ashion Analytics, LLC",1202599,Phoenix,AZ,Solution Order,,,,0,,0,,,0,,,,,,,,0,,,0,,,0,5/13/2020,3/31/2020,Business Performance Solutions (BPS),No,JEFFREY WESCOTT
,RH-378501,Peninsula Regional Medical Center,1012010,Salisbury,MD,Supplement,,40037,,0,,0,,,0,,,,,,,,0,,,0,,,40037,5/13/2020,5/13/2020,McKesson Connected Care & Analytics (MCC & A),Yes,EDWARD SKROS
,IWS-379483,"ProHEALTH Medical Management, LLC",1194273,Lake Success,NY,Order Form,,,,0,,0,,,0,2200,,,,,,,0,,,0,,,2200,5/13/2020,4/27/2020,Imaging and Workflow  Solutions (IWS),No,Gerard Koelsch
,RHF-138362,University of Arkansas for Medical Sciences,1005911,Little Rock,AR,Sales Order,,,,0,,0,,,0,5450,,,,,,,0,,,0,,,5450,5/13/2020,5/1/2020,McKesson Health Solutions (MHS),No,DOUG RAINWATER
,RH-387263,Centre Hospitaller de L'Universite de Montreal,1070934,Montreal,QC,Order Form,0,,0,1,,0,,,0,726,,,,,,,0,,,0,,,726,5/13/2020,5/12/2020,McKesson Connected Care & Analytics (MCC & A),Yes,Christine Diaz
,M-11749,"Bon Secours Mercy Health, Inc.",1025672,Cincinnati,OH,Sales Order,,,,0,,0,631.5,,0,,,,,,,,0,,,0,,,631.5,5/13/2020,5/13/2020,Imaging and Workflow  Solutions (IWS),No,Aleksandar Erakovic
,M-11750,"Bon Secours Mercy Health, Inc.",1025672,Cincinnati,OH,Sales Order,,,,0,,0,1263,,0,,,,,,,,0,,,0,,,1263,5/13/2020,5/13/2020,Imaging and Workflow  Solutions (IWS),No,Aleksandar Erakovic
,IWS-367063,"Novant Health, Inc. dba Novant Health",1006237,Winston-Salem,NC,Supplement,10000,,1800,1,,0,522.88,,0,5625,,,,,,,0,,,0,,,17947.88,5/1/2020,5/1/2020,Imaging and Workflow  Solutions (IWS),Yes,RAY GERTH
,SO_RMS160273,Old Pueblo Anesthesia,1202669,Tucson,AZ,Solution Order,,,,0,,0,,,0,,,,,,,,0,,,0,,,0,5/1/2020,4/14/2020,Business Performance Solutions (BPS),No,JEFFREY WESCOTT
,RH-365371,INOVA Health Care Services,1007102,Falls Church,VA,Supplement,,,,0,,0,,,0,,22185,,,,,,0,,,0,,,22185,5/1/2020,4/30/2020,McKesson Connected Care & Analytics (MCC & A),No,JAMES BARRY
,RHF-152405,Shepherd Center,1066489,Atlanta,GA,Sales Order,,,,0,,0,,,0,1000,,,0,0,,,0,,,0,,,1000,5/13/2020,5/13/2020,McKesson Health Solutions (MHS),No,Andrew Caldwell
,RH-376909,INOVA Health Care Services,1007102,Falls Church,VA,Supplement,,242316,,0,,0,,,0,,,,,,,,0,,,0,,,242316,5/1/2020,4/30/2020,McKesson Connected Care & Analytics (MCC & A),Yes,JAMES BARRY
,IWS-375613,Presence Care Transformation Corpor,1000794,Chicago,IL,Supplement,7650,,2754,1,,0,,,0,405,,,,,,,0,,,0,,,10809,5/4/2020,4/13/2020,Imaging and Workflow  Solutions (IWS),Yes,SONIA IMPERIAL
,M-11721,St. Joseph Regional Health Network dba St. Joseph Medical Center,1030370,Reading,PA,Sales Order,,,,0,,0,437.89,,0,,,,,,,,0,,,0,,,437.89,5/1/2020,5/1/2020,Imaging and Workflow  Solutions (IWS),No,Aleksandar Erakovic
,M-11722,The DCH Health Care Authority,1163273,Tuscaloosa,AL,Sales Order,,,,0,,0,2526,,0,,,,,,,,0,,,0,,,2526,5/1/2020,5/1/2020,Imaging and Workflow  Solutions (IWS),No,Aleksandar Erakovic
,RHF-154704,BronxCare Health System,1057321,Bronx,NY,Sales Order,,,,0,,0,,,0,1500,,,,,,,0,,,0,,,1500,5/4/2020,4/9/2020,McKesson Health Solutions (MHS),No,Scott Hill
,M-11746,OSF Healthcare System,1007258,Peoria,IL,Sales Order,,,,0,,0,631.5,,0,,,,,,,,0,,,0,,,631.5,5/12/2020,5/12/2020,Imaging and Workflow  Solutions (IWS),No,Aleksandar Erakovic
,RHF-161595,"Agnesian HealthCare, Inc.",1002041,Fond Du Lac,WI,Sales Order,,,,0,,0,,,0,5000,,,,,,,0,,,0,,,5000,5/13/2020,5/12/2020,McKesson Health Solutions (MHS),No,ERIN MASSIE
,RHF-155469,UT Health East Texas,1006986,Tyler,TX,Sales Order,,,,0,,0,,,0,,,,1500,1500,,,0,,,0,,,1500,5/13/2020,4/30/2020,McKesson Health Solutions (MHS),No,ANDREW YORK
,IWS-327560,"Defense Logistics Agency, Defense Supply Center Philadelphia",1063950,Philadelphia,PA,Supplement,,,,0,,0,,,0,9892.5,,,,,,,0,,,0,,,9892.5,5/12/2020,5/8/2020,Imaging and Workflow  Solutions (IWS),No,COREY COAKLEY
,M-11747,Steward Health Care System LLC,1000648,Dallas,TX,Sales Order,,,,0,,0,1852.6,,0,,,,,,,,0,,,0,,,1852.6,5/12/2020,5/12/2020,Imaging and Workflow  Solutions (IWS),No,Aleksandar Erakovic
,M-11748,Cardiovascular Institute of the South,1006381,Houma,LA,Sales Order,,,,0,,0,247.56,,0,,,,,,,,0,,,0,,,247.56,5/12/2020,5/12/2020,Imaging and Workflow  Solutions (IWS),No,Aleksandar Erakovic
,IWS-333333,"Navicent Health, Inc.",1193540,Macon,GA,Order Form,7000,,1800,1,,0,,,0,119580.13,,,,,,,0,,,0,,,128380.13,5/12/2020,5/11/2020,Imaging and Workflow  Solutions (IWS),Yes,APRIL HUGHES
,SO_202010033772,"Edgeworth Anesthesia Associates, LLC",1202721,Sewickley,PA,Solution Order,,,,0,,0,,,0,,,,,,,,0,,,0,,,0,5/13/2020,3/9/2020,Business Performance Solutions (BPS),No,JEFFREY WESCOTT
,M-11744,El Camino Hospital dba El Camino He,1009842,Mountain View,CA,Sales Order,,,,0,,0,2526,,0,,,,,,,,0,,,0,,,2526,5/11/2020,5/11/2020,Imaging and Workflow  Solutions (IWS),No,Aleksandar Erakovic
,M-11742,"Lafayette General Medical Center, I",1006150,Lafayette,LA,Sales Order,,,,0,,0,1131.76,,0,,,,,,,,0,,,0,,,1131.76,5/11/2020,5/11/2020,Imaging and Workflow  Solutions (IWS),No,Aleksandar Erakovic
,M-11743,"Jupiter Medical Center, Inc.",1014768,JUPITER,FL,Sales Order,,,,0,,0,950,,0,,,,,,,,0,,,0,,,950,5/11/2020,5/11/2020,Imaging and Workflow  Solutions (IWS),No,Aleksandar Erakovic
,RHF-139088,Kaiser Foundation Hospitals,1042365,Oakland,CA,Sales Order,,,,0,,0,,,0,4000,,,0,0,,,0,,,0,,,4000,5/11/2020,4/30/2020,McKesson Health Solutions (MHS),No,Gretchen Margetts
,RH-381199,SolutionHealth,1198482,Nashua,NH,Supplement,,,,0,,0,,,0,,6960,,36000,36000,,,0,,,0,,,42960,5/11/2020,5/7/2020,McKesson Connected Care & Analytics (MCC & A),No,SHAHEEN BERMUDEZ
,IWS-386621,Steward Health Care System LLC,1000648,Dallas,TX,Order Form,3750,,675,1,,0,,,0,2000,,,,,,,0,,,0,,,6425,5/11/2020,5/7/2020,Imaging and Workflow  Solutions (IWS),Yes,Kallie Schabert
,RHF-133888,Weeks Medical Center,1007900,Lancaster,NH,Sales Order,,,,0,,0,,,0,24800,,,0,0,,,0,,,0,,,24800,5/12/2020,5/12/2020,McKesson Health Solutions (MHS),No,SUE MURRAY
,RH-341986,General Health System,1013226,Baton Rouge,LA,Supplement,32760,,6739,1,,0,,,0,2436,,,,,,,0,,,0,,,41935,5/12/2020,5/12/2020,McKesson Health Solutions (MHS),Yes,Christine Diaz
,IWS-382110,Faxton-St. Luke's Healthcare,1036182,UTICA,NY,Order Form,,,,0,,0,,,0,3875,,,,,,,0,,,0,,,3875,5/12/2020,5/8/2020,Imaging and Workflow  Solutions (IWS),No,Jason Santos
,M-11745,Hartford HealthCare Corporation,1090315,Hartford,CT,Sales Order,,,,0,,0,2526,,0,,,,,,,,0,,,0,,,2526,5/12/2020,5/12/2020,Imaging and Workflow  Solutions (IWS),No,Aleksandar Erakovic
,RHF-116224,Southwest Mississippi Regional Medical Center,1003257,McComb,MS,Sales Order,,,,0,,0,,,0,4000,,,,,,,0,,,0,,,4000,5/12/2020,5/7/2020,McKesson Health Solutions (MHS),No,GINA DAVIS
,RHF-148785,"USMD Hospital at Arlington, L.P.",1043344,ARLINGTON,TX,Sales Order,,,,0,,0,,,0,0,,,0,0,,,0,,,0,,,0,5/12/2020,4/30/2020,McKesson Health Solutions (MHS),No,MARLENE VOGELE
,M-11759,"Tenet HealthSystem Medical, Inc.",1025325,Dallas,TX,Sales Order,,,,0,,0,437.89,,0,,,,,,,,0,,,0,,,437.89,5/19/2020,5/15/2020,Imaging and Workflow  Solutions (IWS),No,Aleksandar Erakovic
,M-11760,Seton Health Corp of N Alabama,1072306,Birmingham,AL,Sales Order,,,,0,,0,1024,,0,,,,,,,,0,,,0,,,1024,5/19/2020,5/11/2020,Imaging and Workflow  Solutions (IWS),No,Aleksandar Erakovic
,M-11761,Catholic Health Initiatives,1013123,Englewood,CO,Sales Order,,,,0,,0,565.88,,0,,,,,,,,0,,,0,,,565.88,5/19/2020,5/15/2020,Imaging and Workflow  Solutions (IWS),No,Aleksandar Erakovic
,M-11762,"Norton Healthcare, Inc.",1013205,Louisville,KY,Sales Order,,,,0,,0,1263,,0,,,,,,,,0,,,0,,,1263,5/19/2020,5/19/2020,Imaging and Workflow  Solutions (IWS),No,Aleksandar Erakovic
,RH-385683,Vanderbilt University Medical Cente,1000324,Nashville,TN,Order Form,,,,0,,0,,,0,10900,,,,,,,0,,,0,,,10900,5/15/2020,5/14/2020,McKesson Connected Care & Analytics (MCC & A),No,Tiffani Monell
,M-11753,"Hennepin Healthcare System, Inc. dba Hennepin Healthcare",1003777,Minneapolis,MN,Sales Order,,,,0,,0,200,,0,,,,,,,,0,,,0,,,200,5/15/2020,5/14/2020,Imaging and Workflow  Solutions (IWS),No,Aleksandar Erakovic
,M-11752,Catholic Health Initiatives,1013123,Englewood,CO,Sales Order,,,,0,,0,144,,0,,,,,,,,0,,,0,,,144,5/15/2020,5/13/2020,Imaging and Workflow  Solutions (IWS),No,Aleksandar Erakovic
,M-11756,"Baystate Health, Inc.",1008549,Springfield,MA,Sales Order,,,,0,,0,2526,,0,,,,,,,,0,,,0,,,2526,5/15/2020,5/15/2020,Imaging and Workflow  Solutions (IWS),No,Aleksandar Erakovic
,M-11754,Baptist Memorial Health Care Corporation,1011428,Memphis,TN,Sales Order,,,,0,,0,1246.31,,0,,,,,,,,0,,,0,,,1246.31,5/15/2020,5/14/2020,Imaging and Workflow  Solutions (IWS),No,Aleksandar Erakovic
,M-11755,"Bon Secours Mercy Health, Inc.",1025672,Cincinnati,OH,Sales Order,,,,0,,0,3233.28,,0,,,,,,,,0,,,0,,,3233.28,5/15/2020,5/15/2020,Imaging and Workflow  Solutions (IWS),No,Aleksandar Erakovic
,IWS-367066,"RWJBH Corporate Services, Inc.",1008481,West Orange,NJ,Order Form,,,,0,,0,36558.29,,0,,,,,,,,0,,,0,,,36558.29,5/8/2020,4/6/2020,Imaging and Workflow  Solutions (IWS),No,Lori Gilchrist
,M-11751,"Norton Healthcare, Inc.",1013205,Louisville,KY,Sales Order,,,,0,,0,631.5,,0,,,,,,,,0,,,0,,,631.5,5/14/2020,5/14/2020,Imaging and Workflow  Solutions (IWS),No,Aleksandar Erakovic
,IWS-166606,The Monadnock Community Hospital,1035131,Peterborough,NH,Sales Order,,,,0,,0,,,0,14600,,,,,,,0,,,0,,,14600,5/14/2020,5/6/2020,Imaging and Workflow  Solutions (IWS),No,Mike Martino
,RHF-118751,"Baptist Health System, Inc.",1014351,Jacksonville,FL,Sales Order,,,,0,,0,,,0,,,,,,,,0,,,0,,,0,5/8/2020,5/6/2020,McKesson Health Solutions (MHS),No,CATHY STEADMAN
,IWS-367110,"Pleasant Valley Hospital, Inc.",1030626,Point Pleasant,WV,Sales Order,,,,0,,0,82355,,0,0,,,,,,,0,,,0,,,82355,5/14/2020,5/5/2020,Imaging and Workflow  Solutions (IWS),No,Mike Martino
,IWS-366707,Salinas Valley Memorial Healthcare System,1010302,Salinas,CA,Supplement,,,,0,,0,3037.68,344.53,1,0,,,,,,,0,,,0,,,3382.21,5/14/2020,5/7/2020,Imaging and Workflow  Solutions (IWS),No,Mike Martino
,IWS-298069,Kern County Hospital Authority,1009312,Bakersfield,CA,Supplement,,,,0,,0,,,0,37619.4,,,,,,,0,,,0,,,37619.4,5/1/2020,5/1/2020,Imaging and Workflow  Solutions (IWS),No,Kallie Schabert
,RHF-126845,Witham Memorial Hospital,1072134,Lebanon,IN,Sales Order,,,,0,,0,,,0,16315,,,0,,,,0,,,0,,,16315,5/14/2020,5/12/2020,McKesson Health Solutions (MHS),No,Doug Rainwater
,IWS-382771,Enloe Medical Center,1009413,Chico,CA,Supplement,20324,107588.25,5807,5,,0,8306.05,,0,34600,,,,,,,0,,,0,,,176625.3,5/14/2020,5/11/2020,Imaging and Workflow  Solutions (IWS),Yes,Mike Martino
,RHF-122824,Regional Medical Center,1074868,Manchester,IA,Sales Order,,,,0,,0,,,0,27990,,,,,,,0,,,0,,,27990,5/14/2020,5/14/2020,McKesson Health Solutions (MHS),No,Marlene Vogele
,IWS-370233,"Main Line Health, Inc.",1038700,Bryn Mawr,PA,Supplement,,,,0,,0,12314.16,1872.04,1,425,,,,,,,0,,,0,,,14611.2,5/7/2020,5/5/2020,Imaging and Workflow  Solutions (IWS),No,Lori Gilchrist
,IWS-299784,The County of San Bernardino on behalf of Arrowhead,1038372,Colton,CA,Supplement,50574,176141,13816.82,1,,0,76382.91,9150,1,138000,,,,,,,0,,,0,,,464064.73,5/7/2020,4/21/2020,Imaging and Workflow  Solutions (IWS),Yes,Rick Marfori
,IWS-386165,St. Margaret's Hospital,1001294,Spring Valley,IL,Supplement,,,,0,,0,3697.29,458.67,1,,,,,,,,0,,,0,,,4155.96,5/7/2020,5/6/2020,Imaging and Workflow  Solutions (IWS),No,Kallie Schabert
,M-11734,Windsor Regional Hospital,1029494,WINDSOR,ON,Sales Order,,,,0,,0,140.94,,0,,,,,,,,0,,,0,,,140.94,5/7/2020,5/7/2020,Imaging and Workflow  Solutions (IWS),No,Aleksandar Erakovic
,M-11735,"Norton Healthcare, Inc.",1013205,Louisville,KY,Sales Order,,,,0,,0,1894.5,,0,,,,,,,,0,,,0,,,1894.5,5/7/2020,5/7/2020,Imaging and Workflow  Solutions (IWS),No,Aleksandar Erakovic
,M-11736,Maury Regional Hospital dba Maury Regional Medical Center,1002507,Columbia,TN,Sales Order,,,,0,,0,875.78,,0,,,,,,,,0,,,0,,,875.78,5/7/2020,5/7/2020,Imaging and Workflow  Solutions (IWS),No,Aleksandar Erakovic
,IWS-316473,The County of San Bernardino on behalf of Arrowhead,1038372,Colton,CA,Sales Order,,,,0,,0,27924.25,,0,,,,,,,,0,,,0,,,27924.25,5/7/2020,4/21/2020,Imaging and Workflow  Solutions (IWS),No,Rick Marfori
,IWS-267858,The County of San Bernardino on behalf of Arrowhead,1038372,Colton,CA,Sales Order,,,,0,,0,,,0,14285.72,,,201850,40370,,,0,,,0,,,216135.72,5/7/2020,4/21/2020,Imaging and Workflow  Solutions (IWS),No,Rick Marfori
,IWS-301979,The County of San Bernardino on behalf of Arrowhead,1038372,Colton,CA,Supplement,78300,,23490,1,,0,72746.17,7240.73,1,193160,,,,,,,0,,,0,,,374936.9,5/7/2020,4/21/2020,Imaging and Workflow  Solutions (IWS),Yes,Rick Marfori
,M-11740,Asante,1069765,Medford,OR,Sales Order,,,,0,,0,768,,0,,,,,,,,0,,,0,,,768,5/7/2020,5/7/2020,Imaging and Workflow  Solutions (IWS),No,Aleksandar Erakovic
,M-11741,Kern County Hospital Authority,1009312,Bakersfield,CA,Sales Order,,,,0,,0,915.39,,0,,,,,,,,0,,,0,,,915.39,5/8/2020,5/8/2020,Imaging and Workflow  Solutions (IWS),No,Aleksandar Erakovic
,M-11737,Catholic Health Initiatives,1013123,Englewood,CO,Sales Order,,,,0,,0,320,,0,,,,,,,,0,,,0,,,320,5/7/2020,5/7/2020,Imaging and Workflow  Solutions (IWS),No,Aleksandar Erakovic
,M-11738,"Baystate Health, Inc.",1008549,Springfield,MA,Sales Order,,,,0,,0,2526,,0,,,,,,,,0,,,0,,,2526,5/7/2020,5/7/2020,Imaging and Workflow  Solutions (IWS),No,Aleksandar Erakovic
,M-11758,"Main Line Health, Inc.",1038700,Bryn Mawr,PA,Sales Order,,,,0,,0,1263,,0,,,,,,,,0,,,0,,,1263,5/15/2020,5/15/2020,Imaging and Workflow  Solutions (IWS),No,Aleksandar Erakovic
,M-11757,Kaiser Foundation Hospitals,1042365,Oakland,CA,Sales Order,,,,0,,0,412.6,,0,,,,,,,,0,,,0,,,412.6,5/15/2020,5/15/2020,Imaging and Workflow  Solutions (IWS),No,Aleksandar Erakovic
,M-11739,"PartsSource, Inc",1077677,Aurora,OH,Sales Order,,,,0,,0,320,,0,,,,,,,,0,,,0,,,320,5/7/2020,5/7/2020,Imaging and Workflow  Solutions (IWS),No,Aleksandar Erakovic
,IWS-391885,Frisbie Memorial Hospital,1007965,Rochester,NH,Supplement,,,,0,,0,,,0,600,,,,,,,0,,,0,,,600,5/22/2020,5/18/2020,Imaging and Workflow  Solutions (IWS),No,CHRIS HARTMAN
,IWS-256504,"St. Claire Medical Center, Inc.",1002391,Morehead,KY,Sales Order,,,,0,,0,,,0,12857.15,,,,,,,0,,,0,,,12857.15,5/22/2020,5/19/2020,Imaging and Workflow  Solutions (IWS),No,LOGAN DORTCH
,IWS-391649,"University Medical Center, Inc dba University of Louisville Hospit",1002334,Louisville,KY,Order Form,,,,0,,0,,,0,8960,,,,,,,0,,,0,,,8960,5/25/2020,5/20/2020,Imaging and Workflow  Solutions (IWS),No,Peach Cronberg
,IWS-346257,Roswell Park Cancer Institute,1040673,Buffalo,NY,Supplement,63196.25,,17500,1,,0,,,0,,,,,,,,0,,,0,,,80696.25,5/25/2020,5/16/2020,Imaging and Workflow  Solutions (IWS),Yes,MARIUS SEGAL
